time,발전기 고정자권선 냉각수 온도#1,발전기 고정자권선 냉각수 온도#2,발전기 고정자권선 냉각수 온도#3,발전기 고정자권선 냉각수 온도#4,발전기 고정자권선 냉각수 온도#5,발전기 고정자권선 냉각수 온도#6,발전기 고정자권선 냉각수 온도#7,발전기 고정자권선 냉각수 온도#8,발전기 고정자권선 냉각수 온도#9,발전기 고정자권선 냉각수 온도#10,발전기 고정자권선 냉각수 온도#11,발전기 고정자권선 냉각수 온도#12,발전기 고정자권선 냉각수 온도#13,발전기 고정자권선 냉각수 온도#14,발전기 고정자권선 냉각수 온도#15,발전기 고정자권선 냉각수 온도#16,발전기 고정자권선 냉각수 온도#17,발전기 고정자권선 냉각수 온도#18,발전기 고정자권선 냉각수 온도#19,발전기 고정자권선 냉각수 온도#20,발전기 고정자권선 냉각수 온도#21,발전기 고정자권선 냉각수 온도#22,발전기 고정자권선 냉각수 온도#23,발전기 고정자권선 냉각수 온도#24,발전기 고정자권선 냉각수 온도#25,발전기 고정자권선 냉각수 온도#26,발전기 고정자권선 냉각수 온도#27,발전기 고정자권선 냉각수 온도#28,발전기 고정자권선 냉각수 온도#29,발전기 고정자권선 냉각수 온도#30,발전기 고정자권선 냉각수 온도#31,발전기 고정자권선 냉각수 온도#32,발전기 고정자권선 냉각수 온도#33,발전기 고정자권선 냉각수 온도#34,발전기 고정자권선 냉각수 온도#35,발전기 고정자권선 냉각수 온도#36,발전기 고정자권선 냉각수 온도#37,발전기 고정자권선 냉각수 온도#38,발전기 고정자권선 냉각수 온도#39,발전기 고정자권선 냉각수 온도#40,발전기 고정자권선 냉각수 온도#41,발전기 고정자권선 냉각수 온도#42,발전기 고정자권선 냉각수 온도#43,발전기 고정자권선 냉각수 온도#44,발전기 고정자권선 냉각수 온도#45,발전기 고정자권선 냉각수 온도#46,발전기 고정자권선 냉각수 온도#47,발전기 고정자권선 냉각수 온도#48
2020-03-13,36.36387618,35.54587581,35.73280103,36.69177029,36.61013661,36.87205284,35.89966425,36.49102726,37.24550295,36.92970037,35.58968005,37.62612966,37.08659163,35.47864799,35.26772773,36.37542418,36.57782184,37.05351684,36.07067434,36.87838524,37.81201292,37.063952,36.75297525,36.78511073,36.42080436,36.67306639,36.95675151,37.43641997,36.23801149,36.80458693,36.17824381,35.57933222,37.07288633,36.64872414,37.03344406,36.71250678,37.95594964,36.5437289,36.02551347,36.1351364,37.71350161,37.25836403,36.35054621,37.20340737,35.85301634,36.15755836,35.73610355,36.33140198
2020-03-14,35.48815845,34.65988228,34.88363281,35.83478626,35.74728729,36.01749146,35.05571049,35.63716823,36.36096068,36.04069454,34.75214042,36.76627873,36.22253773,34.61676141,34.43163135,35.48822065,35.72965193,36.18618377,35.23080899,36.02183008,36.96067932,36.208191,35.91057867,35.92806472,35.56247487,35.81523157,36.11575917,36.57819271,35.38506754,35.95048165,35.33078967,34.71441966,36.21836878,35.80598272,36.18942822,35.83940815,37.12953495,35.6601082,35.18682749,35.26149306,36.83218259,36.39110168,35.50862473,36.33512565,34.99693561,35.29543487,34.90054246,35.47347381
2020-03-15,35.55017397,34.75996897,34.95538663,35.90036158,35.81415351,36.08280586,35.12231093,35.70140801,36.45062416,36.13235658,34.80424976,36.83039587,36.28509375,34.67983376,34.49408495,35.57180444,35.79652262,36.25887562,35.28056573,36.08767516,37.01972767,36.26741025,35.96204121,35.99031009,35.6268953,35.87788117,36.15810559,36.64036267,35.44580442,36.01269107,35.38565773,34.77204739,36.28612779,35.87076647,36.24022686,35.89962622,37.19305032,35.73887926,35.24563784,35.32670716,36.9275462,36.45186247,35.57828426,36.38316576,35.0602314,35.36027646,34.96523224,35.54313254
2020-03-16,35.16689734,34.36313485,34.56375567,35.50684281,35.41540489,35.67292827,34.73368094,35.29028316,36.04421637,35.72543266,34.42663121,36.41740595,35.89546683,34.28464356,34.11083188,35.17114153,35.38016906,35.84621799,34.89732072,35.66611955,36.60538137,35.85911829,35.5803202,35.59687619,35.2123003,35.46877123,35.77735309,36.24231422,35.04731539,35.62258303,35.00049745,34.39366641,35.89072507,35.45690763,35.86294079,35.51701122,36.79266681,35.3415048,34.86495746,34.94076673,36.51652485,36.05645708,35.18980277,36.01306911,34.65463266,34.9730258,34.58464278,35.13283593
2020-03-17,35.6724047,34.86297344,35.06632849,36.02781464,35.92946841,36.19178715,35.23889803,35.8158604,36.57915241,36.23641544,34.93669756,36.943868,36.41572595,34.80006958,34.61365015,35.68604536,35.88946253,36.36357821,35.40820265,36.19276941,37.12868332,36.37628316,36.08550676,36.11629445,35.74041873,35.97760908,36.28513951,36.76261969,35.56140097,36.13269924,35.50094194,34.90064763,36.40323022,35.96763301,36.36738282,36.02806156,37.30396152,35.85305899,35.36276008,35.45941684,37.02532207,36.57387441,35.69372925,36.52996524,35.18082961,35.4864612,35.08637653,35.66534074
2020-03-18,36.39181577,35.58570441,35.77479222,36.75124323,36.65568436,36.91740236,35.94674696,36.53874935,37.30565147,36.96463422,35.6398879,37.6734721,37.1399867,35.52524161,35.32573768,36.41692327,36.60937103,37.09486496,36.11450138,36.92156227,37.85861823,37.10673209,36.79412199,36.83856238,36.45890039,36.71363286,36.98670059,37.48425707,36.27982513,36.86427891,36.20795996,35.62938007,37.11821967,36.70161463,37.07525084,36.76238019,37.99163444,36.58837085,36.07632279,36.18632089,37.75840734,37.30100699,36.39961877,37.26105506,35.89685159,36.20419995,35.79162755,36.37827722
2020-03-19,37.03618787,36.21926873,36.39716995,37.38906109,37.29458487,37.5568734,36.56358189,37.17153721,37.91910984,37.60574122,36.23951748,38.22414409,37.76570359,36.16121795,35.91734013,37.04671137,37.25295372,37.72729225,36.72311514,37.5716408,38.39960094,37.74659643,37.41841712,37.46856287,37.0974122,37.33583059,37.61760098,38.11134157,36.92552814,37.48602883,36.84662992,36.26574629,37.76119309,37.34089739,37.69109624,37.39169277,38.5581247,37.21372385,36.6761573,36.82030621,38.27376478,37.94618946,37.01454368,37.88929263,36.51643,36.83363385,36.38433084,37.01211796
2020-03-20,36.79799831,35.98166423,36.15569512,37.1529155,37.06574766,37.3172133,36.33118191,36.93833899,37.69713819,37.36468943,36.02379089,38.06876462,37.54917969,35.93949874,35.71074405,36.81793512,37.02173637,37.49834895,36.50439521,37.33581642,38.20873499,37.51228935,37.18894332,37.25071707,36.87534049,37.12088312,37.38304516,37.91319085,36.69733575,37.28301136,36.60484245,36.05139018,37.53440614,37.10811287,37.46813994,37.18381327,38.33594145,36.98569657,36.46171104,36.59278454,38.11383671,37.7099546,36.78331931,37.66411985,36.29045398,36.61482162,36.17090726,36.76871378
2020-03-21,37.23433651,36.43121579,36.58477599,37.57584702,37.48622069,37.74190027,36.76116456,37.3778186,38.08829853,37.78902737,36.44737748,38.4085216,37.94370871,36.35267433,36.13626558,37.26429437,37.45491056,37.91030901,36.9275399,37.75708305,38.61050983,37.91793438,37.61990594,37.66946675,37.29261355,37.54843616,37.81199939,38.2694504,37.11484538,37.72058631,37.03551163,36.4600937,37.93467091,37.54323655,37.89275512,37.59474182,38.76508243,37.4415051,36.88538731,37.01430242,38.50062516,38.0845023,37.21222243,38.05886646,36.7259801,37.0298233,36.59403895,37.20878485
2020-03-22,37.76716544,36.96695835,37.10960685,38.10178433,38.02673009,38.18005449,37.28688188,37.90520245,38.57009391,38.24872274,36.97023578,38.94125905,38.41641339,36.8837481,36.6562034,37.80288592,38.00298434,38.36737965,37.45329056,38.1902682,39.14743704,38.3751394,38.14623702,38.15325165,37.82440576,38.08038425,38.33610417,38.75959282,37.63969676,38.15874345,37.55698182,37.0221642,38.38807351,38.07606093,38.42080228,38.13634412,39.30362139,37.97927601,37.41429369,37.56402486,39.0386489,38.56482808,37.73967606,38.5434505,37.24761212,37.56946015,37.11697078,37.73537209
2020-03-23,37.63922004,36.81640608,36.98498307,37.98295785,37.90412144,38.12943126,37.1608326,37.78851294,38.4408454,38.16868876,36.86838663,38.82691353,38.30258261,36.77564018,36.55216,37.68563465,37.88158335,38.25272237,37.34618566,38.15264816,39.03879603,38.26050715,38.03005747,38.08424123,37.71412514,37.96536753,38.21753441,38.64925419,37.52868634,38.12106377,37.44191705,36.89519062,38.26925058,37.95930086,38.3096964,38.03495313,39.18622726,37.85998808,37.29858059,37.43791838,38.91929808,38.45198485,37.61982412,38.40085672,37.12666777,37.44230596,36.99808615,37.61399403
2020-03-24,37.52691678,36.71530923,36.88064157,37.89005836,37.80590461,38.0323636,37.0481005,37.67842181,38.36244456,38.10894032,36.74908286,38.73162815,38.20699342,36.67457463,36.43937581,37.55786566,37.7586273,38.18404889,37.24099625,38.06045902,38.93498557,38.19538315,37.92310161,37.99397033,37.61883957,37.84562202,38.11458907,38.54473277,37.43548808,38.01370603,37.34079652,36.78353312,38.20659543,37.8434544,38.20384363,37.91507222,39.07045516,37.73188516,37.19764145,37.32062476,38.79160252,38.34715362,37.50249317,38.30662648,37.01197955,37.34385479,36.89001396,37.4935354
2020-03-25,37.56694912,36.73770756,36.89719078,37.90850831,37.83077657,38.04511629,37.07180798,37.69846675,38.36174177,38.09884009,36.76355232,38.74385197,38.25561799,36.69899113,36.46173708,37.59857533,37.79558983,38.20518674,37.24870069,38.06716032,38.96008507,38.21760813,37.94318085,37.99413667,37.63956054,37.87642027,38.13310903,38.58611136,37.45839618,38.02118279,37.35559346,36.80491085,38.23427661,37.87123566,38.22015933,37.92880513,39.09762931,37.77524959,37.20388348,37.35081604,38.8342982,38.38487127,37.52681751,38.33028307,37.05244973,37.37011968,36.90242199,37.52536346
2020-03-26,38.12738371,37.35455551,37.49984965,38.40919794,38.37207046,38.57852364,37.66224566,38.25738199,38.96656441,38.64651152,37.34909662,39.34868342,38.82315913,37.2875669,37.0413034,38.15127761,38.34079194,38.76354271,37.8343055,38.60199181,39.55171671,38.77707532,38.52801669,38.50335215,38.17563726,38.38007859,38.71854373,39.16888528,38.00806436,38.55367679,37.95210813,37.42747034,38.79453519,38.38227377,38.81017745,38.45366731,39.70919236,38.31210833,37.78833603,37.9261924,39.43045986,38.96641166,38.11524664,38.93857939,37.64788509,37.93529381,37.49016306,38.09396391
2020-03-27,38.4521085,37.72629681,37.8793127,38.8129741,38.74325942,38.97889357,38.04277768,38.61213585,39.37305778,39.03531589,37.72652588,39.75513942,39.20414203,37.69448923,37.42125199,38.49026293,38.69251359,39.17069974,38.21270043,39.01089907,39.95855953,39.16756178,38.91188927,38.90536237,38.53523527,38.76680767,39.10211688,39.57194567,38.32519764,38.91884267,38.3358917,37.79331073,39.19889245,38.77146015,39.18895446,38.84404694,40.09867127,38.6607945,38.16567453,38.25913626,39.81702262,39.36690695,38.49588772,39.31357222,38.00493421,38.28670686,37.86205252,38.42384295
2020-03-28,37.51762561,36.69516245,36.86675517,37.86213704,37.78421593,38.01685374,37.04197237,37.67429756,38.37178164,38.06609186,36.73704508,38.71284082,38.24105479,36.6656552,36.43125225,37.55641388,37.74817962,38.21550425,37.22771551,38.04315172,38.92422952,38.22544091,37.91338588,37.95251417,37.61269135,37.8335746,38.10964261,38.55164251,37.38914258,38.00516317,37.32946148,36.7842601,38.22025259,37.83247115,38.19460197,37.90513465,39.07600166,37.71532252,37.17708329,37.31313742,38.78905584,38.35740925,37.49695305,38.33742517,37.00298295,37.32955647,36.8745692,37.48712011
2020-03-29,37.13460837,36.31924335,36.48418997,37.48861486,37.40596925,37.64464015,36.6536177,37.27170878,38.02398471,37.71124849,36.35536134,38.2924602,37.89402975,36.27399821,36.04466561,37.15136229,37.36194029,37.8396235,36.83338385,37.67498426,38.5212673,37.85927959,37.52515652,37.59155206,37.23781244,37.4400544,37.71814287,38.1964946,36.97939646,37.61994062,36.9428346,36.38572735,37.85604086,37.43809692,37.80830619,37.51724368,38.66767506,37.32468743,36.78853002,36.92607812,38.38468721,38.0475998,37.11175231,38.00330987,36.60837138,36.94204476,36.48716501,37.09121123
2020-03-30,37.24183558,36.42111321,36.58510142,37.60764359,37.51751206,37.75369374,36.75381023,37.38442049,38.10687554,37.8201381,36.44835612,38.41384334,37.99205092,36.37316631,36.13479235,37.27637585,37.45995776,37.94208369,36.93210265,37.78253145,38.62658356,37.95629226,37.61517617,37.69213516,37.33345396,37.55495269,37.81619671,38.25766566,37.09677717,37.74102084,37.03300835,36.48440067,37.96988555,37.55473313,37.89539462,37.62586235,38.7869938,37.43759101,36.88801708,37.03456068,38.51434265,38.12334577,37.21310429,38.09115615,36.73608763,37.05822414,36.58963521,37.21631018
2020-03-31,37.47602994,36.66621145,36.81812176,37.83119857,37.74589734,37.98503441,36.99126734,37.61704043,38.27301439,38.03887504,36.6771253,38.64262858,38.17805105,36.59664488,36.37299448,37.50730279,37.69858905,38.12686057,37.16289161,37.99330004,38.85793565,38.1383456,37.85385666,37.92553806,37.55991546,37.78668022,38.04540467,38.48761076,37.32224492,37.95839851,37.26458359,36.72917261,38.15458729,37.78497864,38.13119454,37.86162587,39.01420363,37.67847762,37.12225244,37.26532679,38.73808767,38.28958958,37.44159411,38.26250019,36.96313482,37.28026006,36.82569888,37.44663519
2020-04-01,37.70093731,36.87621387,37.0528397,38.06349736,37.97874623,38.1582489,37.21955024,37.87799565,38.52261444,38.16863201,36.91307677,38.91028993,38.35909313,36.84974823,36.61309867,37.76202197,37.95022749,38.34001348,37.39877239,38.16324997,39.10774762,38.34944285,38.09121231,38.15324956,37.79717456,38.04593356,38.27826148,38.71617948,37.54272438,38.15024948,37.5002459,36.94336602,38.36074553,38.04713527,38.36981387,38.07742817,39.26320284,37.93006353,37.35447397,37.49155405,38.96525015,38.51924691,37.67741377,38.46398391,37.21146986,37.52199704,37.05670513,37.7018036
2020-04-02,37.62535066,36.79959129,36.9598646,37.96731263,37.88584908,38.11234712,37.12966369,37.75940205,38.41887693,38.13840488,36.83187323,38.79069358,38.26897827,36.74010919,36.52650017,37.65324893,37.8525331,38.22022703,37.31127063,38.12768744,38.99884539,38.23019054,37.99940505,38.06388448,37.71346564,37.93439972,38.18438174,38.64019798,37.46291052,38.09545227,37.40802126,36.86719456,38.24530929,37.93918073,38.28134453,38.00217591,39.1670947,37.8336003,37.27053452,37.41295952,38.87496668,38.42739577,37.58781052,38.39037522,37.10711299,37.41329224,36.97089148,37.58880732
2020-04-03,37.59208622,36.76734289,36.91903277,37.94827963,37.85931485,38.08021374,37.09002087,37.72601362,38.36436224,38.12361817,36.78247186,38.75791768,38.24986457,36.70461743,36.48510913,37.60163542,37.80339491,38.19488911,37.26978285,38.08946624,38.9669785,38.21060767,37.95594853,38.02967342,37.67026016,37.88276247,38.14294414,38.60260501,37.42816981,38.05975997,37.36600949,36.83179206,38.23202688,37.88943356,38.23408186,37.96396393,39.11749318,37.77916625,37.22185898,37.37629484,38.83807841,38.39333028,37.54392254,38.3410375,37.05903344,37.37985114,36.9262321,37.54309115
2020-04-04,37.59625084,36.77247613,36.93759847,37.94851657,37.87227315,38.09939249,37.1079957,37.75116099,38.39034086,38.14532435,36.80523451,38.78494467,38.25292393,36.73324862,36.49834453,37.62190807,37.80788469,38.2230407,37.2862756,38.12932767,38.99178416,38.23110453,37.97059226,38.04304113,37.68406273,37.90994729,38.15902939,38.61099223,37.41952332,38.05403716,37.37776217,36.83760528,38.22895842,37.92383005,38.25294213,37.95720124,39.11682325,37.77845238,37.24037811,37.39254628,38.85368921,38.41018567,37.56200875,38.35706519,37.04903762,37.40467253,36.94598219,37.55818515
2020-04-05,36.95319809,36.12762455,36.30255936,37.30861465,37.22282531,37.48152129,36.47320735,37.10496484,37.83194459,37.51383163,36.17489033,38.19598345,37.71132626,36.0921371,35.87324874,36.97992063,37.18924961,37.67480679,36.66169927,37.50294165,38.35669095,37.68146873,37.34320013,37.40455524,37.04556281,37.29266046,37.54210346,38.03820315,36.81799452,37.44930768,36.75354212,36.20289791,37.68189843,37.28492573,37.62266211,37.34536348,38.49793449,37.15982881,36.61406102,36.74999022,38.26116922,37.86101391,36.93044277,37.81898703,36.45571994,36.76031949,36.32137299,36.91780942
2020-04-06,36.64766202,35.82458874,35.9860307,36.96603884,36.88523919,37.1365375,36.15907825,36.75844614,37.51261559,37.20040569,35.85949585,37.8916227,37.36462302,35.74049642,35.55164027,36.65374271,36.8545773,37.31609363,36.33562252,37.14013651,38.07964134,37.32724539,37.0128126,37.06710821,36.70152039,36.93813659,37.20729752,37.7387448,36.47133949,37.11343988,36.43104033,35.88309005,37.33701095,36.93009591,37.30165093,37.00636571,38.21132492,36.82865338,36.29368428,36.42075427,37.99617548,37.53170526,36.61403089,37.48853106,36.11818608,36.42639134,36.00471756,36.59741333
2020-04-07,36.96741462,36.13963216,36.31464626,37.30502517,37.22109428,37.46476912,36.48026052,37.09641732,37.83458996,37.52356917,36.17979569,38.16318454,37.70715071,36.07568822,35.8718144,36.96250718,37.16163496,37.63033578,36.65415653,37.46373326,38.33407311,37.65308666,37.33461051,37.38432475,37.02491987,37.24879409,37.52417321,38.03585038,36.7871652,37.42519571,36.74383763,36.19958052,37.67094917,37.24478213,37.6149614,37.32609741,38.47746664,37.14283432,36.61049294,36.75876034,38.24599727,37.8714863,36.93402191,37.82397068,36.4329097,36.77024314,36.3222509,36.92086671
2020-04-08,37.02430771,36.19905404,36.36974904,37.36906138,37.29347621,37.52916492,36.54205293,37.17331421,37.9110553,37.58217563,36.23842414,38.19603029,37.75932408,36.13383042,35.93296173,37.0341132,37.23795662,37.70878179,36.71117816,37.53731468,38.39028809,37.71855379,37.39507994,37.46082623,37.09445736,37.31528622,37.58027136,38.09395695,36.84729854,37.49475312,36.80572837,36.25698582,37.72844903,37.31502823,37.68109608,37.3854532,38.5493364,37.21277861,36.67673054,36.81576938,38.27209846,37.92655249,36.99871711,37.88048638,36.49951969,36.82613715,36.38417836,36.98181498
2020-04-09,36.82618659,36.02304727,36.19328736,37.16824992,37.08615467,37.34814232,36.36009395,36.97109731,37.7268219,37.41361912,36.05879898,38.09777451,37.57316432,35.9539163,35.75480456,36.86716461,37.07029216,37.52770119,36.53512541,37.35347467,38.20260945,37.53881674,37.22004705,37.26002724,36.90109701,37.14866765,37.40838355,37.94166667,36.6940248,37.31819917,36.63593317,36.08603377,37.54434204,37.14499537,37.50456994,37.22635269,38.38551458,37.0450147,36.49548111,36.61855437,38.17525101,37.72936129,36.819785,37.69810455,36.32794317,36.61908652,36.20220523,36.80132144
2020-04-10,36.76634171,35.94242582,36.12036016,37.10764509,37.02641841,37.27632197,36.2951437,36.90372022,37.65836961,37.32974618,35.99111329,38.02989368,37.49880415,35.88969501,35.68798533,36.76988273,36.98221054,37.45631274,36.46524013,37.28082458,38.18409562,37.46385573,37.15000673,37.19723658,36.84127495,37.07032162,37.32891403,37.87441129,36.59336302,37.22909457,36.55871594,36.0026006,37.47924854,37.06679482,37.43207879,37.12859584,38.28544287,36.94943067,36.42371268,36.55290178,38.11361855,37.6732363,36.74673453,37.6223545,36.25056203,36.54620433,36.1332987,36.73071863
2020-04-11,36.85221749,36.02862145,36.21033182,37.18347922,37.11569153,37.36519068,36.37803339,36.98228053,37.7349418,37.41209799,36.0728893,38.11121684,37.56494683,35.96999925,35.77368698,36.85301407,37.05179758,37.53419765,36.53997321,37.35718715,38.21968018,37.55152142,37.22804748,37.26542472,36.91395896,37.14605391,37.40820109,37.94960852,36.67677454,37.31321688,36.63544887,36.08553408,37.55770217,37.14244686,37.51065181,37.21633222,38.3661869,37.04584518,36.50373785,36.62760726,38.16522314,37.75119073,36.82973724,37.69931556,36.32578063,36.64302486,36.21585678,36.81216639
2020-04-12,36.88861198,36.06413196,36.24718748,37.23003803,37.15812886,37.4028644,36.41448994,37.03261655,37.79157433,37.45571251,36.1233876,38.12866551,37.63125412,36.01480246,35.82888007,36.90393564,37.10231488,37.58785058,36.59654436,37.40877681,38.28455377,37.596414,37.2737798,37.32147463,36.96145915,37.19435162,37.45814729,37.99299591,36.72344708,37.36628336,36.67672961,36.12708879,37.61150359,37.18082656,37.56361873,37.26699873,38.41496289,37.1041934,36.55531061,36.67616708,38.19431839,37.79713338,36.87116,37.75714215,36.35965129,36.68441309,36.26434569,36.86190102
2020-04-13,36.98459179,36.15996276,36.33781146,37.3220268,37.24523701,37.49313803,36.50188777,37.12240216,37.879308,37.55705951,36.20256118,38.19703325,37.72105299,36.1027181,35.9029278,37.00160672,37.20516908,37.67560695,36.67724926,37.49991029,38.36072742,37.68615067,37.36421192,37.41122414,37.05433463,37.29076878,37.55197238,38.07419048,36.82724294,37.46733948,36.77543661,36.23016127,37.69762777,37.28978027,37.65114819,37.36355672,38.51821335,37.18368451,36.64444901,36.76737492,38.25486905,37.8897693,36.95919908,37.85348041,36.46541116,36.77422292,36.34220371,36.95778428
2020-04-14,37.37188425,36.54381345,36.72268683,37.72010665,37.64448006,37.88777369,36.87865967,37.5074431,38.21845604,37.92817876,36.56906282,38.53953846,38.0826884,36.49213896,36.27834882,37.37137854,37.59766442,38.03450191,37.04922492,37.89020191,38.76019875,38.04518158,37.73327921,37.80653326,37.44902677,37.67439659,37.91473084,38.38235284,37.19383233,37.83100895,37.14895521,36.60202085,38.05485792,37.67269541,38.02094996,37.72801536,38.88282918,37.57417348,37.01598451,37.15623651,38.64055554,38.22526908,37.33908745,38.18139688,36.85917853,37.17653532,36.71441089,37.3476693
2020-04-15,37.73391908,36.90516847,37.08696277,38.05593562,37.97118449,38.19945102,37.2365753,37.87043452,38.53468776,38.24643779,36.92288188,38.90368724,38.39317124,36.88717073,36.64241146,37.72350176,37.97417356,38.33418727,37.40896585,38.20445209,39.14517015,38.34418559,38.09598253,38.14568782,37.8336696,38.00654153,38.27873545,38.75116914,37.55341905,38.14268565,37.51062242,36.96792024,38.35318446,38.0019527,38.38630973,38.0459373,39.24260526,37.95117475,37.37458175,37.52641862,39.01222523,38.55666917,37.69658407,38.49592012,37.23118663,37.55943175,37.06328029,37.70293498
2020-04-16,38.1456795,37.36578721,37.50345198,38.45933588,38.37623109,38.58712104,37.66429289,38.25364839,38.96657848,38.66729062,37.34884348,39.35129735,38.84142786,37.33373086,37.0628903,38.14977831,38.34954031,38.76945104,37.82773798,38.59388647,39.59640266,38.77762813,38.52721781,38.54548226,38.22322533,38.38856575,38.71306856,39.21025079,37.98823006,38.55982114,37.94278949,37.42735577,38.78485472,38.38778235,38.81369604,38.46225977,39.71255218,38.3218574,37.78800405,37.94729112,39.43534768,39.00847725,38.11692663,38.95113603,37.65565614,37.96458626,37.48967156,38.09704174
2020-04-17,38.70022129,37.99437241,38.11112885,39.0594089,38.97649211,39.2102841,38.26726402,38.85072263,39.6100568,39.28976408,37.93025262,39.99678367,39.44611767,37.93609463,37.64448325,38.73036106,38.93064788,39.39590596,38.42055957,39.2278722,40.2172079,39.4050224,39.13645515,39.14489404,38.77341705,39.00759823,39.32475301,39.83645966,38.550634,39.18350824,38.56242965,38.03618614,39.42719665,39.00869623,39.41131334,39.08675457,40.34364061,38.90124952,38.37988255,38.48412096,40.06036316,39.610478,38.72367009,39.58005258,38.20261765,38.49777692,38.07945997,38.66751402
2020-04-18,38.66505958,37.94444626,38.07649495,39.01009242,38.9500586,39.17020602,38.23114394,38.81756915,39.58139853,39.23827625,37.90076547,39.96415026,39.41568869,37.89100629,37.60556584,38.67868573,38.88111556,39.35938519,38.39240604,39.1812313,40.18132606,39.36734313,39.10158311,39.09922471,38.74674785,38.95485029,39.2865354,39.78857052,38.49748593,39.13518937,38.52594835,38.00019769,39.38728257,38.96710202,39.3793844,39.04028469,40.28881936,38.85178557,38.35119088,38.43486804,40.00672213,39.58046467,38.69022568,39.53403938,38.17625046,38.45718414,38.04693045,38.61404283
2020-04-19,38.73597454,38.0164564,38.13349014,39.07703895,39.02698996,39.2446388,38.28672953,38.88015177,39.63390162,39.31385103,37.96947914,40.03138369,39.49130586,37.95614239,37.69269183,38.75825599,38.96782646,39.43568073,38.46112798,39.27037523,40.26015702,39.44863421,39.16235799,39.16415167,38.80828406,39.03361334,39.3454115,39.86979092,38.57695403,39.20830655,38.58198444,38.05599899,39.46175117,39.04955592,39.44403454,39.12644527,40.38095196,38.93461556,38.41908654,38.49159672,40.08958543,39.64705818,38.74398393,39.60028206,38.23090424,38.51979109,38.10932838,38.67987572
2020-04-20,38.71966109,37.99585711,38.13579787,39.06773364,39.00966226,39.2470352,38.29526202,38.87779893,39.61825228,39.29756647,37.98385648,40.02094016,39.4870694,37.95159957,37.70301239,38.7592292,38.96244076,39.43467723,38.47602763,39.26942982,40.24680954,39.44459485,39.17267459,39.16246075,38.81139476,39.0185194,39.35629034,39.87552387,38.56847876,39.19614792,38.59248369,38.06984859,39.45598431,39.05215854,39.45181816,39.12316259,40.38233874,38.93746268,38.42946903,38.49236002,40.06978226,39.63861106,38.7536439,39.59213117,38.19446979,38.51663164,38.12184233,38.66803565
2020-04-21,38.24511121,37.47658973,37.6269487,38.57246405,38.51253605,38.73919072,37.78942492,38.38742705,39.10988463,38.79030343,37.48772568,39.51066028,38.96899051,37.45203757,37.20230042,38.28122771,38.47520276,38.92179128,37.97311393,38.75985475,39.72943478,38.93842124,38.66070905,38.65524232,38.34289837,38.53342889,38.85337859,39.36759783,38.12577046,38.6777033,38.08743849,37.56971914,38.94918777,38.54874704,38.94684716,38.61377519,39.86294845,38.44082569,37.92819006,38.0442056,39.56738452,39.13058611,38.24811502,39.07583878,37.76513539,38.05722235,37.62404592,38.20899261
2020-04-22,37.31336594,36.47980246,36.6418978,37.66509498,37.588723,37.8337799,36.80562357,37.46103026,38.13793115,37.86657451,36.50498637,38.48508651,38.02979381,36.4510866,36.22665792,37.33113955,37.55103501,38.00505418,36.99912057,37.84919009,38.71667392,38.01856869,37.68278291,37.7615773,37.41348298,37.63076054,37.87980478,38.37672974,37.1818509,37.78502552,37.10353087,36.56470027,38.01775907,37.64198669,37.9630097,37.69331184,38.86194183,37.5019969,36.94376033,37.09366158,38.558559,38.17676435,37.26703466,38.12149602,36.77849307,37.10317206,36.64807521,37.26683466
2020-04-23,36.89969397,36.06601205,36.23273599,37.24245187,37.14964501,37.41313245,36.39726698,37.03062554,37.77126679,37.46232428,36.10643036,38.12675113,37.63719154,36.02181192,35.82248896,36.91474734,37.118297,37.59597953,36.58646531,37.42303679,38.27892533,37.61646305,37.26623816,37.33748871,36.98095446,37.20475385,37.45454607,38.02174977,36.75009607,37.37014932,36.67702056,36.1404899,37.6116669,37.21497965,37.55097577,37.27062153,38.43040244,37.08919646,36.53730962,36.67364142,38.19551569,37.80245899,36.85666562,37.74639286,36.37182077,36.67614076,36.2458,36.85816152
2020-04-24,37.3042895,36.47473029,36.63332527,37.65003162,37.56503953,37.81886441,36.79838395,37.44598771,38.15459369,37.86222606,36.50274916,38.47217119,38.02412668,36.42176353,36.22456674,37.31373468,37.51207153,37.98501186,36.98005033,37.82522131,38.7025657,37.98807775,37.65682238,37.74136463,37.38022314,37.59838723,37.84793833,38.32047382,37.13323892,37.77415215,37.07287053,36.53779564,37.99739222,37.61832098,37.94743482,37.67463317,38.8289738,37.4929572,36.93971545,37.09064931,38.54835861,38.17299443,37.26107064,38.13070042,36.77510562,37.08712506,36.64791127,37.2783922
2020-04-25,38.1434761,37.36132085,37.49265914,38.45394591,38.38269961,38.59024469,37.658612,38.28079405,38.97842623,38.65422269,37.34647585,39.36206811,38.82932829,37.30904909,37.07142806,38.16236679,38.3393618,38.7776974,37.82445867,38.61752852,39.58634653,38.78400205,38.51335842,38.52833621,38.20696649,38.40996098,38.7014924,39.20069326,37.97086536,38.55507214,37.92889849,37.41770732,38.79874016,38.4163619,38.79981014,38.47358904,39.71628531,38.31975076,37.78803205,37.92905466,39.43726393,38.99481659,38.1143167,38.96120887,37.65436881,37.9357911,37.49415135,38.11419262
2020-04-26,38.65389603,37.93129403,38.06236009,39.01068779,38.92998705,39.1671925,38.22739218,38.81389636,39.57148935,39.23318222,37.92578846,39.95285056,39.41469291,37.89141356,37.64423055,38.687555,38.88472488,39.37775876,38.40054834,39.19979703,40.17175914,39.3686451,39.0915068,39.10487286,38.74261365,38.95914062,39.27486477,39.78641356,38.48681272,39.14119087,38.5000344,37.98680737,39.38899863,38.98113747,39.37829742,39.04281576,40.29649782,38.86157227,38.35917889,38.43762922,40.01695242,39.56813288,38.68779198,39.53293528,38.17990204,38.45233474,38.06715631,38.63704835
2020-04-27,38.94558422,38.17163618,38.34045506,39.29973615,39.21834956,39.4698952,38.50873203,39.10886099,39.86419879,39.54615288,38.21048178,40.2428509,39.70611428,38.14337031,37.92954151,38.99557161,39.19576795,39.66768192,38.69532172,39.49290833,40.46018806,39.67796926,39.38296134,39.39808435,39.03289325,39.27329544,39.56628328,40.08514886,38.77905144,39.45338631,38.7887634,38.22635967,39.68924445,39.2834707,39.66776556,39.35288118,40.61053981,39.17449843,38.64556283,38.72814373,40.32614605,39.85963771,38.97449141,39.81806033,38.41848421,38.74841975,38.35174701,38.92701256
2020-04-28,39.29143459,38.46138464,38.65904248,39.63407861,39.5628318,39.79496362,38.82218476,39.43494578,40.18748086,39.86558363,38.51078765,40.58585579,40.05717586,38.41081512,38.23221248,39.31999936,39.52270708,39.99357083,38.99774529,39.82967924,40.80546449,40.00567704,39.70005443,39.73826051,39.37034659,39.59937722,39.88564538,40.42395206,39.12630142,39.7726444,39.1193802,38.53392,40.02345502,39.60186252,39.97607281,39.67450653,40.93512123,39.49022256,38.95629487,39.06157194,40.64280366,40.2079936,39.28395379,40.16002801,38.75311262,39.06447147,38.65483593,39.24521197
2020-04-29,39.69816164,38.86740567,3.91E+01,40.0552066,39.97870646,40.21488463,39.22238602,39.84945884,40.60140014,40.28075956,38.9027195,41.00221155,40.44749627,38.83675377,38.62982894,39.73919567,39.94616298,40.41958822,39.39736676,40.26399218,41.22321122,40.43203934,40.10549939,40.15565286,39.79305577,40.00968157,40.29888278,40.84122133,39.54373561,40.1643246,39.53660622,38.95029171,40.44890748,40.03038761,40.38576696,40.07904466,41.35782393,39.89400714,39.35166163,39.4821807,41.04090413,40.61588383,39.68466371,40.55267799,39.15730963,39.48392632,39.04344074,39.64324131
2020-04-30,40.32765616,39.49078495,3.97E+01,40.67941056,40.6100778,40.83351105,39.81799365,40.46748271,41.20289792,40.91125507,39.47417672,41.62270869,41.07413933,39.46100953,39.20437082,40.34768249,40.5550669,41.02711352,39.98859211,40.89445737,41.81425719,41.05492189,40.71242503,40.78009693,40.42044267,40.62538331,40.90116439,41.47092349,40.17040388,40.77809419,40.14545919,39.5722183,41.06418138,40.64481529,40.98224639,40.69316404,41.93402146,40.50572182,39.93373607,40.07704806,41.64731092,41.23865546,40.28090457,41.1716769,39.77396063,40.09574196,39.61336925,40.26199671
2020-05-01,41.43941005,40.6034243,4.08E+01,41.77476217,41.71435457,41.91621084,40.90156669,41.59205053,42.28618848,41.99848461,40.51731816,42.65538669,42.14919048,40.58114656,40.25943282,41.4751075,41.67070378,42.11633848,41.0487823,41.97482381,42.88723609,42.11686813,41.80170336,41.863311,41.53956628,41.73050695,41.99603015,42.5134572,41.29396692,41.87441129,41.25504257,40.69249317,42.13292845,41.74919281,42.05833125,41.79706293,42.99424843,41.62888979,41.00243884,41.20053376,42.68303406,42.28809346,41.36795478,42.23986681,40.87439737,41.23130871,40.6667013,41.38661749
